INSERT INTO airport.Company (ID_comp, name)
VALUES (1, 'Don_avia'),
       (2, 'Aeroflot'),
       (3, 'Dale_avia'),
       (4, 'air_France'),
       (5, 'British_AW');

INSERT INTO airport.Trip (trip_no, ID_comp, plane, town_from, town_to, time_out, time_in)
VALUES (1100, 4, 'Boeing', 'Rostov', 'Paris', '19000101 14:30:00.000', '19000101 17:50:00.000'),
       (1101, 4, 'Boeing', 'Paris', 'Rostov', '19000101 08:12:00.000', '19000101 11:45:00.000'),
       (1123, 3, 'TU-154', 'Rostov', 'Vladivostok', '19000101 16:20:00.000', '19000101 03:40:00.000'),
       (1124, 3, 'TU-154', 'Vladivostok', 'Rostov', '19000101 09:00:00.000', '19000101 19:50:00.000'),
       (1145, 2, 'IL-86', 'Moscow', 'Rostov', '19000101 09:35:00.000', '19000101 11:23:00.000'),
       (1146, 2, 'IL-86', 'Rostov', 'Moscow', '19000101 17:55:00.000', '19000101 20:01:00.000'),
       (1181, 1, 'TU-134', 'Rostov', 'Moscow', '19000101 06:12:00.000', '19000101 08:01:00.000'),
       (1182, 1, 'TU-134', 'Moscow', 'Rostov', '19000101 12:35:00.000', '19000101 14:30:00.000'),
       (1187, 1, 'TU-134', 'Rostov', 'Moscow', '19000101 15:42:00.000', '19000101 17:39:00.000'),
       (1188, 1, 'TU-134', 'Moscow', 'Rostov', '19000101 22:50:00.000', '19000101 00:48:00.000'),
       (1195, 1, 'TU-154', 'Rostov', 'Moscow', '19000101 23:30:00.000', '19000101 01:11:00.000'),
       (1196, 1, 'TU-154', 'Moscow', 'Rostov', '19000101 04:00:00.000', '19000101 05:45:00.000'),
       (7771, 5, 'Boeing', 'London', 'Singapore', '19000101 01:00:00.000', '19000101 11:00:00.000'),
       (7772, 5, 'Boeing', 'Singapore', 'London', '19000101 12:00:00.000', '19000101 02:00:00.000'),
       (7773, 5, 'Boeing', 'London', 'Singapore', '19000101 03:00:00.000', '19000101 13:00:00.000'),
       (7774, 5, 'Boeing', 'Singapore', 'London', '19000101 14:00:00.000', '19000101 06:00:00.000'),
       (7775, 5, 'Boeing', 'London', 'Singapore', '19000101 09:00:00.000', '19000101 20:00:00.000'),
       (7776, 5, 'Boeing', 'Singapore', 'London', '19000101 18:00:00.000', '19000101 08:00:00.000'),
       (7777, 5, 'Boeing', 'London', 'Singapore', '19000101 18:00:00.000', '19000101 06:00:00.000'),
       (7778, 5, 'Boeing', 'Singapore', 'London', '19000101 22:00:00.000', '19000101 12:00:00.000'),
       (8881, 5, 'Boeing', 'London', 'Paris', '19000101 03:00:00.000', '19000101 04:00:00.000'),
       (8882, 5, 'Boeing', 'Paris', 'London', '19000101 22:00:00.000', '19000101 23:00:00.000');

INSERT INTO airport.Passenger (ID_psg, name)
VALUES (1, 'Bruce Willis'),
       (2, 'George Clooney'),
       (3, 'Kevin Costner'),
       (4, 'Donald Sutherland'),
       (5, 'Jennifer Lopez'),
       (6, 'Ray Liotta'),
       (7, 'Samuel L. Jackson'),
       (8, 'Nikole Kidman'),
       (9, 'Alan Rickman'),
       (10, 'Kurt Russell'),
       (11, 'Harrison Ford'),
       (12, 'Russell Crowe'),
       (13, 'Steve Martin'),
       (14, 'Michael Caine'),
       (15, 'Angelina Jolie'),
       (16, 'Mel Gibson'),
       (17, 'Michael Douglas'),
       (18, 'John Travolta'),
       (19, 'Sylvester Stallone'),
       (20, 'Tommy Lee Jones'),
       (21, 'Catherine Zeta-Jones'),
       (22, 'Antonio Banderas'),
       (23, 'Kim Basinger'),
       (24, 'Sam Neill'),
       (25, 'Gary Oldman'),
       (26, 'Clint Eastwood'),
       (27, 'Brad Pitt'),
       (28, 'Johnny Depp'),
       (29, 'Pierce Brosnan'),
       (30, 'Sean Connery'),
       (31, 'Bruce Willis'),
       (37, 'Mullah Omar');


INSERT INTO airport.Pass_in_trip (trip_no, date, ID_psg, place)
VALUES (1100, '2003-04-29', 1, '1a'),
       (1123, '2003-04-05', 3, '2a'),
       (1123, '2003-04-08', 1, '4c'),
       (1123, '2003-04-08', 6, '4b'),
       (1124, '2003-04-02', 2, '2d'),
       (1145, '2003-04-05', 3, '2c'),
       (1145, '2003-04-25', 5, '1d'),
       (1181, '2003-04-01', 1, '1a'),
       (1181, '2003-04-01', 6, '1b'),
       (1181, '2003-04-01', 8, '3c'),
       (1181, '2003-04-13', 5, '1b'),
       (1182, '2003-04-13', 5, '4b'),
       (1182, '2003-04-13', 9, '6d'),
       (1187, '2003-04-14', 10, '3d'),
       (1187, '2003-04-14', 8, '3a'),
       (1188, '2003-04-01', 8, '3a'),
       (7771, '2005-11-04', 11, '4a'),
       (7771, '2005-11-07', 11, '1b'),
       (7771, '2005-11-07', 37, '1c'),
       (7771, '2005-11-09', 11, '5a'),
       (7771, '2005-11-14', 14, '4d'),
       (7771, '2005-11-16', 14, '5d'),
       (7772, '2005-11-07', 12, '1d'),
       (7772, '2005-11-07', 37, '1a'),
       (7772, '2005-11-29', 10, '3a'),
       (7772, '2005-11-29', 13, '1b'),
       (7772, '2005-11-29', 14, '1c'),
       (7773, '2005-11-07', 13, '2d'),
       (7778, '2005-11-05', 10, '2a'),
       (8881, '2005-11-08', 37, '1d'),
       (8882, '2005-11-06', 37, '1a'),
       (8882, '2005-11-13', 14, '3d');